[
  {
    "type": "embed-feat",
    "color": "239, 187, 189",
    "icon": {
      "name": "fort-awesome-alt",
      "type": "font-awesome"
    },
    "command": false,
    "injectColor": false,
    "noTitle": false,
    "copy": true
  },
  {
    "type": "embed-ability",
    "color": "182, 197, 200",
    "icon": {
      "type": "obsidian",
      "name": "lucide-swords"
    },
    "command": false,
    "injectColor": false,
    "noTitle": false,
    "copy": true
  },
  {
    "type": "inline-affliction",
    "color": "217, 216, 218",
    "icon": {
      "name": "virus-slash",
      "type": "font-awesome"
    },
    "command": false,
    "injectColor": true,
    "noTitle": true,
    "copy": true
  },
  {
    "type": "embed-avatar",
    "color": "236, 202, 99",
    "icon": {
      "name": "superpowers",
      "type": "font-awesome"
    },
    "command": false,
    "injectColor": false,
    "noTitle": false,
    "copy": true
  },
  {
    "type": "embed-action",
    "color": "206, 206, 197",
    "icon": {
      "type": "obsidian",
      "name": "lucide-hammer"
    },
    "command": false,
    "injectColor": false,
    "noTitle": false,
    "copy": true
  },
  {
    "type": "embed-disease",
    "color": "36, 36, 36",
    "icon": {
      "name": "head-side-virus",
      "type": "font-awesome"
    },
    "command": false,
    "injectColor": false,
    "noTitle": false,
    "copy": true
  },
  {
    "type": "embed-item",
    "color": "163, 200, 209",
    "icon": {
      "type": "obsidian",
      "name": "lucide-coins"
    },
    "command": false,
    "injectColor": false,
    "noTitle": false,
    "copy": true
  },
  {
    "type": "embed-ritual",
    "color": "158, 187, 144",
    "icon": {
      "name": "circle-notch",
      "type": "font-awesome"
    },
    "command": false,
    "injectColor": false,
    "noTitle": false,
    "copy": true
  },
  {
    "type": "inline-attack",
    "color": "233, 195, 99",
    "icon": {
      "name": "fire-alt",
      "type": "font-awesome"
    },
    "command": false,
    "injectColor": true,
    "noTitle": true,
    "copy": true
  },
  {
    "type": "pf2-note",
    "color": "227, 223, 187",
    "icon": {
      "name": "scroll",
      "type": "font-awesome"
    },
    "command": false,
    "injectColor": false,
    "noTitle": false,
    "copy": true
  },
  {
    "type": "pf2-summary",
    "color": "209, 224, 224",
    "icon": {
      "name": "book-open",
      "type": "font-awesome"
    },
    "command": false,
    "injectColor": false,
    "noTitle": false,
    "copy": true
  },
  {
    "type": "statblock-pf2e",
    "color": "196, 153, 33",
    "icon": {
      "name": "dragon",
      "type": "font-awesome"
    },
    "command": false,
    "injectColor": true,
    "noTitle": true,
    "copy": false
  }
]
