{
	"_meta": {
		"dependencies": {
			"monster": [
				"MM",
				"LLK",
				"VGM"
			]
		},
		"internalCopies": [
			"monster"
		],
		"otherSources": {
			"monster": {
				"MM": "IMR",
				"VGM": "IMR",
				"TftYP": "IMR",
				"GoS": "IMR",
				"MFF": "IMR",
				"HftT": "IMR",
				"MTF": "IMR",
				"LLK": "IMR",
				"SKT": "IMR"
			}
		}
	},
	"monster": [
		{
			"name": "\"The Demogorgon\"",
			"isNpc": true,
			"isNamedCreature": true,
			"source": "IMR",
			"page": 53,
			"size": [
				"L"
			],
			"type": "giant",
			"alignment": [
				"C",
				"N"
			],
			"ac": [
				{
					"ac": 15,
					"from": [
						"natural armor"
					]
				}
			],
			"hp": {
				"average": 123,
				"formula": "13d12 + 39"
			},
			"speed": {
				"walk": 40
			},
			"str": 21,
			"dex": 8,
			"con": 17,
			"int": 6,
			"wis": 10,
			"cha": 8,
			"skill": {
				"perception": "+3"
			},
			"senses": [
				"darkvision 60 ft."
			],
			"passive": 13,
			"languages": [
				"Giant",
				"Orc"
			],
			"cr": "8",
			"trait": [
				{
					"name": "Two Heads",
					"entries": [
						"The ettin has advantage on Wisdom ({@skill Perception}) checks and on saving throws against being {@condition blinded}, {@condition charmed}, {@condition deafened}, {@condition frightened}, {@condition stunned}, and knocked {@condition unconscious}."
					]
				},
				{
					"name": "Wakeful",
					"entries": [
						"When one of the ettin's heads is asleep, its other head is awake."
					]
				}
			],
			"action": [
				{
					"name": "Multiattack",
					"entries": [
						"The ettin makes two attacks: one with its battleaxe and one with its morningstar."
					]
				},
				{
					"name": "Battleaxe",
					"entries": [
						"{@atk mw} {@hit 8} to hit, reach 5 ft., one target. {@h}14 ({@damage 2d8 + 5}) slashing damage."
					]
				},
				{
					"name": "Morningstar",
					"entries": [
						"{@atk mw} {@hit 8} to hit, reach 5 ft., one target. {@h}14 ({@damage 2d8 + 5}) piercing damage."
					]
				},
				{
					"name": "Fire Breath {@recharge 5}",
					"entries": [
						"The ettin's right head exhales fire in a 30-foot cone. Each creature in that area must make a {@dc 14} Dexterity saving throw, taking 45 ({@damage 10d8}) fire damage on a failed save, or half as much damage on a successful one."
					]
				},
				{
					"name": "Cold Breath {@recharge 5}",
					"entries": [
						"The ettin's left head exhales an icy blast in a 30-foot cone. Each creature in that area must make a {@dc 14} Constitution saving throw, taking 45 ({@damage 10d8}) cold damage on a failed save, or half as much damage on a successful one."
					]
				},
				{
					"name": "Gaze",
					"entries": [
						"The ettin turns its magical gaze toward one creature that it can see within 120 feet of it. That target must make a {@dc 14} Wisdom saving throw. Unless the target is {@condition incapacitated}, it can avert its eyes to avoid the gaze and to automatically succeed on the save. If the target does so, it can't see the ettin until the start of the ettin's next turn. If the target looks at the ettin in the meantime, it must immediately make the save.",
						"If the target fails the save, it suffers one of the following effects of the ettin's choice or at random:"
					]
				},
				{
					"name": "Beguiling Gaze",
					"entries": [
						"The target is {@condition stunned} until the start of the ettin's next turn or until the ettin is no longer within line of sight."
					]
				},
				{
					"name": "Hypnotic Gaze",
					"entries": [
						"The target is {@condition charmed} by the ettin until the start of the ettin's next turn. The ettin chooses how the {@condition charmed} target uses its actions, reactions, and movement."
					]
				},
				{
					"name": "Insanity Gaze",
					"entries": [
						"The target suffers the effect of the {@spell confusion} spell without making a saving throw. The effect lasts until the start of the ettin's next turn. The ettin doesn't need to concentrate on the spell."
					]
				}
			],
			"attachedItems": [
				"battleaxe|phb",
				"morningstar|phb"
			],
			"senseTags": [
				"D"
			],
			"actionTags": [
				"Breath Weapon",
				"Multiattack"
			],
			"languageTags": [
				"GI",
				"O"
			],
			"damageTags": [
				"C",
				"F",
				"P",
				"S"
			],
			"miscTags": [
				"AOE",
				"MLW",
				"MW"
			],
			"conditionInflict": [
				"charmed",
				"incapacitated",
				"stunned"
			],
			"savingThrowForced": [
				"constitution",
				"dexterity",
				"wisdom"
			],
			"hasToken": true,
			"hasFluffImages": true
		},
		{
			"name": "Andras",
			"isNpc": true,
			"isNamedCreature": true,
			"source": "IMR",
			"page": 31,
			"_copy": {
				"name": "Assassin",
				"source": "MM",
				"_mod": {
					"*": {
						"mode": "replaceTxt",
						"replace": "the assassin",
						"with": "Andras",
						"flags": "i"
					},
					"trait": {
						"mode": "appendArr",
						"items": {
							"name": "Keen Hearing and Sight",
							"entries": [
								"Andras advantage on Wisdom ({@skill Perception}) checks that rely on hearing or sight."
							]
						}
					},
					"action": [
						{
							"mode": "replaceArr",
							"replace": "Shortsword",
							"items": {
								"name": "Shortsword",
								"entries": [
									"{@atk mw} {@hit 6} to hit, reach 5 ft., one target. {@h}6 ({@damage 1d6 + 3}) piercing damage, and the target must succeed on a {@dc 11} Constitution saving throw or be cursed with wererat lycanthropy."
								]
							}
						},
						{
							"mode": "replaceArr",
							"replace": "Light Crossbow",
							"items": {
								"name": "Light Crossbow",
								"entries": [
									"{@atk rw} {@hit 6} to hit, range 80/320 ft., one target. {@h}7 ({@damage 1d8 + 3}) piercing damage, and the target must succeed on a {@dc 11} Constitution saving throw or be cursed with wererat lycanthropy."
								]
							}
						}
					]
				}
			},
			"type": {
				"type": "humanoid",
				"tags": [
					"human"
				]
			},
			"alignment": [
				"N",
				"E"
			],
			"languages": [
				"Common",
				"Giant Owl"
			],
			"tokenCustom": true,
			"traitTags": [
				"Keen Senses",
				"Sneak Attack"
			],
			"languageTags": [
				"C",
				"GI",
				"OTH"
			],
			"damageTags": [
				"P"
			],
			"miscTags": [
				"CUR"
			],
			"hasToken": true
		},
		{
			"name": "Banrion",
			"isNpc": true,
			"isNamedCreature": true,
			"source": "IMR",
			"page": 91,
			"_copy": {
				"name": "Unicorn",
				"source": "MM",
				"_mod": {
					"*": {
						"mode": "replaceTxt",
						"replace": "the unicorn",
						"with": "Banrion",
						"flags": "i"
					}
				}
			},
			"hasToken": true,
			"hasFluff": true,
			"hasFluffImages": true
		},
		{
			"name": "Barbatos",
			"isNpc": true,
			"isNamedCreature": true,
			"source": "IMR",
			"page": 52,
			"size": [
				"M"
			],
			"type": {
				"type": "humanoid",
				"tags": [
					"human"
				]
			},
			"alignment": [
				"N",
				"E"
			],
			"ac": [
				{
					"ac": 15,
					"from": [
						"{@item studded leather armor|phb|studded leather}"
					]
				}
			],
			"hp": {
				"average": 78,
				"formula": "12d8 + 24"
			},
			"speed": {
				"walk": 30
			},
			"str": 11,
			"dex": 16,
			"con": 14,
			"int": 13,
			"wis": 14,
			"cha": 10,
			"skill": {
				"animal handling": "+5",
				"deception": "+3",
				"perception": "+5",
				"stealth": "+6"
			},
			"passive": 13,
			"resist": [
				"poison"
			],
			"languages": [
				"Common"
			],
			"cr": "6",
			"spellcasting": [
				{
					"name": "Spellcasting",
					"type": "spellcasting",
					"headerEntries": [
						"Barbatos is a 6th-level spellcaster. His spellcasting ability is Wisdom (spell save {@dc 13}, {@hit 5} to hit with spell attacks). He has the following ranger spells prepared:"
					],
					"spells": {
						"1": {
							"slots": 4,
							"spells": [
								"{@spell ensnaring strike}",
								"{@spell hail of thorns}",
								"{@spell hunter's mark}"
							]
						},
						"2": {
							"slots": 2,
							"spells": [
								"{@spell locate animals or plants}"
							]
						}
					},
					"ability": "wis"
				}
			],
			"trait": [
				{
					"name": "Rust Monster Cloak",
					"entries": [
						"Any nonmagical weapon made of metal that hits Barbatos corrodes. After dealing damage, the weapon takes a permanent and cumulative -1 penalty to damage rolls. If its penalty drops to -5, the weapon is destroyed. Nonmagical ammunition made of metal that hits Barbatos is destroyed after dealing damage."
					]
				},
				{
					"name": "Heart of the Troll",
					"entries": [
						"Barbatos regains 10 hit points at the start of his turn. If Barbatos takes acid or fire damage, this trait doesn't function at the start of Barbatos's next turn. Barbatos dies only if he starts his turn with 0 hit points and doesn't regenerate."
					]
				}
			],
			"action": [
				{
					"name": "Multiattack",
					"entries": [
						"Barbatos makes two bone shortsword attacks."
					]
				},
				{
					"name": "Bone Shortsword",
					"entries": [
						"{@atk mw} {@hit 6} to hit, reach 5 ft., one target. {@h}6 ({@damage 1d6 + 3}) piercing damage."
					]
				},
				{
					"name": "Light Crossbow",
					"entries": [
						"{@atk rw} {@hit 6} to hit, range 80/320 ft., one target. {@h}7 ({@damage 1d8 + 3}) piercing damage, and the target must succeed on a {@dc 13} Constitution saving throw or be {@condition poisoned} for 1 hour. If the saving throw fails by 5 or more, the target is also {@condition unconscious}. The target regains consciousness if it takes damage or if another creature takes an action to shake it."
					]
				},
				{
					"name": "Cloak Sweep",
					"entries": [
						"Barbatos corrodes a nonmagical ferrous metal object he can see within 5 feet of himself. If the object isn't being worn or carried, the touch destroys a 1-foot cube of it. If the object is being worn or carried by a creature, the creature can make a {@dc 12} Dexterity saving throw to avoid Barbatos's touch.",
						"If the object touched is either metal armor or a metal shield being worn or carried, it takes a permanent and cumulative 1 penalty to the AC it offers. Armor reduced to an AC of 10 or a shield that drops to a +0 bonus is destroyed. If the object touched is a held metal weapon, it rusts as described in Barbatos's Rust Monster Cloak trait."
					]
				}
			],
			"tokenCustom": true,
			"attachedItems": [
				"light crossbow|phb"
			],
			"actionTags": [
				"Multiattack"
			],
			"languageTags": [
				"C"
			],
			"damageTags": [
				"P"
			],
			"damageTagsSpell": [
				"P"
			],
			"spellcastingTags": [
				"CR"
			],
			"miscTags": [
				"AOE",
				"MLW",
				"MW",
				"RNG",
				"RW"
			],
			"conditionInflict": [
				"poisoned",
				"unconscious"
			],
			"conditionInflictSpell": [
				"restrained"
			],
			"savingThrowForced": [
				"constitution",
				"dexterity"
			],
			"savingThrowForcedSpell": [
				"dexterity",
				"strength"
			],
			"hasToken": true
		},
		{
			"name": "Brain in Iron",
			"source": "IMR",
			"page": 48,
			"_copy": {
				"name": "Brain in a Jar",
				"source": "LLK",
				"_mod": {
					"*": {
						"mode": "replaceTxt",
						"replace": "brain in a jar",
						"with": "brain in iron"
					}
				}
			},
			"size": [
				"L"
			],
			"type": "construct",
			"alignment": [
				"L",
				"N"
			],
			"ac": [
				{
					"ac": 15,
					"from": [
						"natural armor"
					]
				}
			],
			"speed": {
				"walk": 20
			},
			"tokenCustom": true,
			"hasToken": true
		},
		{
			"name": "Dwarven Worker",
			"source": "IMR",
			"page": 15,
			"_copy": {
				"name": "Cultist",
				"source": "MM",
				"_templates": [
					{
						"name": "Mountain Dwarf",
						"source": "PHB"
					}
				],
				"_mod": {
					"*": {
						"mode": "replaceTxt",
						"replace": "cultist",
						"with": "worker",
						"flags": "i"
					}
				}
			},
			"action": [
				{
					"name": "Pick or Hammer",
					"entries": [
						"{@atk mw} {@hit 3} to hit, reach 5 ft., one creature. {@h}4 ({@damage 1d6 + 1}) bludgeoning or piercing damage."
					]
				}
			],
			"tokenCustom": true,
			"languageTags": [
				"C",
				"D",
				"X"
			],
			"damageTags": [
				"B",
				"P"
			],
			"hasToken": true
		},
		{
			"name": "Enhanced Medusa",
			"alias": [
				"Daoud's Living Lanthor"
			],
			"source": "IMR",
			"page": 47,
			"_copy": {
				"name": "Medusa",
				"source": "MM"
			},
			"senses": [
				"truesight 120 ft."
			],
			"spellcasting": [
				{
					"name": "Innate Spellcasting",
					"type": "spellcasting",
					"headerEntries": [
						"The medusa's innate spellcasting ability is Charisma (spell save {@dc 13}). The medusa can innately cast the following spells, requiring no material components:"
					],
					"spells": {
						"0": {
							"spells": [
								"{@spell light}"
							]
						}
					},
					"ability": "cha"
				}
			],
			"trait": [
				{
					"name": "Petrifying Gaze",
					"entries": [
						"When a creature that can see the medusa's eyes starts its turn within 30 feet of the medusa, the medusa can force it to make a {@dc 14} Constitution saving throw if the medusa isn't {@condition incapacitated} and can see the creature. If the saving throw fails by 5 or more, the creature is instantly {@condition petrified}. Otherwise, a creature that fails the save begins to turn to metal, wood, or porcelain (the medusa's choice) and is {@condition restrained}. The {@condition restrained} creature must repeat the saving throw at the end of its next turn, becoming {@condition petrified} on a failure or ending the effect on a success. The petrification lasts until the creature is freed by the  {@spell greater restoration} spell or other magic.",
						"Unless {@status surprised}, a creature can avert its eyes to avoid the saving throw at the start of its turn. If the creature does so, it can't see the medusa until the start of its next turn, when it can avert its eyes again. If the creature looks at the medusa in the meantime, it must immediately make the save.",
						"If the medusa sees itself reflected on a polished surface within 30 feet of it and in an area of bright light, the medusa is, due to its curse, affected by its own gaze."
					]
				}
			],
			"tokenCustom": true,
			"spellcastingTags": [
				"I"
			],
			"conditionInflict": [
				"petrified",
				"restrained"
			],
			"savingThrowForced": [
				"constitution"
			],
			"savingThrowForcedSpell": [
				"dexterity"
			],
			"hasToken": true
		},
		{
			"name": "Grandfather Oak",
			"isNpc": true,
			"isNamedCreature": true,
			"source": "IMR",
			"page": 5,
			"_copy": {
				"name": "Treant",
				"source": "MM",
				"_mod": {
					"*": {
						"mode": "replaceTxt",
						"replace": "the treant",
						"with": "Grandfather Oak",
						"flags": "i"
					},
					"action": {
						"mode": "appendArr",
						"items": {
							"name": "Pacifying Spores (3/Day)",
							"entries": [
								"Grandfather Oak ejects spores at one creature it can see within 5 feet of it. The target must succeed on a {@dc 17} Constitution saving throw or be {@condition stunned} for 1 minute. The target can repeat the saving throw at the end of each of its turns, ending the effect on itself on a success."
							]
						}
					}
				}
			},
			"tokenCustom": true,
			"hasToken": true
		},
		{
			"name": "Lynx Creatlach",
			"isNpc": true,
			"isNamedCreature": true,
			"source": "IMR",
			"page": 54,
			"size": [
				"M"
			],
			"type": {
				"type": "undead",
				"tags": [
					"tiefling"
				]
			},
			"alignment": [
				"L",
				"E"
			],
			"ac": [
				{
					"ac": 13,
					"from": [
						"{@item leather armor|phb}"
					]
				}
			],
			"hp": {
				"average": 136,
				"formula": "16d8 + 64"
			},
			"speed": {
				"walk": 30
			},
			"str": 18,
			"dex": 14,
			"con": 18,
			"int": 13,
			"wis": 16,
			"cha": 18,
			"save": {
				"str": "+7",
				"con": "+7",
				"wis": "+6",
				"cha": "+7"
			},
			"senses": [
				"darkvision 60 ft."
			],
			"passive": 13,
			"resist": [
				"necrotic",
				"psychic"
			],
			"immune": [
				"poison"
			],
			"conditionImmune": [
				"charmed",
				"exhaustion",
				"frightened",
				"paralyzed",
				"poisoned",
				"stunned"
			],
			"languages": [
				"Common",
				"Infernal"
			],
			"cr": "5",
			"trait": [
				{
					"name": "Special Equipment",
					"entries": [
						"Lynx's crystal eye is a magically shrunken {@item crystal ball} of true seeing. One of her teeth is a refashioned {@item ring of mind shielding}, while another has been magicked to place her under a permanent {@spell Nystul's magic aura} spell, concealing the magic of these items and hiding her true nature from magic or features that can detect undead."
					]
				},
				{
					"name": "Aversion of Fire",
					"entries": [
						"If Lynx takes fire damage, she has disadvantage on attack rolls and ability checks until the end of her next turn."
					]
				},
				{
					"name": "Immutable Form",
					"entries": [
						"Lynx is immune to any spell or effect that would alter her form."
					]
				},
				{
					"name": "Lightning Absorption",
					"entries": [
						"Whenever Lynx is subjected to lightning damage, she takes no damage and instead regains a number of hit points equal to the lightning damage dealt."
					]
				},
				{
					"name": "Magic Resistance",
					"entries": [
						"Lynx has advantage on saving throws against spells and other magical effects."
					]
				},
				{
					"name": "Regeneration",
					"entries": [
						"Lynx regains 10 hit points at the start of her turn. If she takes fire or radiant damage, this trait doesn't function at the start of her next turn. Lynx's body is destroyed only if she starts her turn with 0 hit points and doesn't regenerate."
					]
				},
				{
					"name": "Turn Immunity",
					"entries": [
						"Lynx is immune to effects that turn undead."
					]
				}
			],
			"action": [
				{
					"name": "Multiattack",
					"entries": [
						"Lynx makes two shortsword attacks."
					]
				},
				{
					"name": "Shortsword",
					"entries": [
						"{@atk mw} {@hit 7} to hit, reach 5 ft., one target. {@h}7 ({@damage 1d6 + 4}) piercing damage."
					]
				}
			],
			"tokenCustom": true,
			"attachedItems": [
				"shortsword|phb"
			],
			"traitTags": [
				"Damage Absorption",
				"Immutable Form",
				"Magic Resistance",
				"Regeneration",
				"Turn Immunity"
			],
			"senseTags": [
				"D"
			],
			"actionTags": [
				"Multiattack"
			],
			"languageTags": [
				"C",
				"I"
			],
			"damageTags": [
				"P"
			],
			"miscTags": [
				"MLW",
				"MW"
			],
			"hasToken": true,
			"hasFluff": true
		},
		{
			"name": "Moghadam",
			"isNpc": true,
			"isNamedCreature": true,
			"source": "IMR",
			"page": 55,
			"size": [
				"M"
			],
			"type": {
				"type": "humanoid",
				"tags": [
					"human"
				]
			},
			"alignment": [
				"N",
				"E"
			],
			"ac": [
				{
					"ac": 14,
					"from": [
						"{@item breastplate|phb}"
					]
				}
			],
			"hp": {
				"average": 104,
				"formula": "19d8 + 19"
			},
			"speed": {
				"walk": 30
			},
			"str": 10,
			"dex": 12,
			"con": 13,
			"int": 19,
			"wis": 16,
			"cha": 16,
			"save": {
				"con": "+5",
				"int": "+8",
				"wis": "+7"
			},
			"skill": {
				"arcana": "+8",
				"insight": "+7",
				"medicine": "+7"
			},
			"passive": 13,
			"languages": [
				"Abyssal",
				"Common",
				"Dwarvish",
				"Infernal",
				"Undercommon"
			],
			"cr": "12",
			"spellcasting": [
				{
					"name": "Spellcasting",
					"type": "spellcasting",
					"headerEntries": [
						"Moghadam is an 18th-level spellcaster. His spellcasting ability is Intelligence (spell save {@dc 16}, {@hit 8} to hit with spell attacks). He has the following artificer spells prepared:"
					],
					"spells": {
						"0": {
							"spells": [
								"{@spell dancing lights}",
								"{@spell light}",
								"{@spell message}",
								"{@spell shocking grasp}"
							]
						},
						"1": {
							"slots": 4,
							"spells": [
								"{@spell comprehend languages}",
								"{@spell cure wounds}",
								"{@spell grease}",
								"{@spell identify}"
							]
						},
						"2": {
							"slots": 3,
							"spells": [
								"{@spell detect thoughts}",
								"{@spell invisibility}",
								"{@spell heat metal}"
							]
						},
						"3": {
							"slots": 3,
							"spells": [
								"{@spell dispel magic}",
								"{@spell flame arrows|XGE}",
								"{@spell hypnotic pattern}"
							]
						},
						"4": {
							"slots": 3,
							"spells": [
								"{@spell fabricate}",
								"{@spell stone shape}",
								"{@spell stoneskin}"
							]
						},
						"5": {
							"slots": 1,
							"spells": [
								"{@spell creation}"
							]
						}
					},
					"ability": "int"
				}
			],
			"trait": [
				{
					"name": "Special Equipment",
					"entries": [
						"Moghadam wields {@item Ruinblade|IMR} (see appendix C)."
					]
				},
				{
					"name": "Artificial Mind",
					"entries": [
						"Moghadam can manifest an artificial mind as a floating spectral image of a {@creature demilich}'s jeweled skull. Moghadam can communicate telepathically with this mind, send it up to 300 feet away from him, and see and hear through it."
					]
				},
				{
					"name": "Infoportation (1/Day)",
					"entries": [
						"Moghadam can teleport himself into an unoccupied space next to his artificial mind."
					]
				}
			],
			"action": [
				{
					"name": "Ruinblade",
					"entries": [
						"{@atk mw} {@hit 6} to hit, reach 5 ft., one target. {@h}9 ({@damage 2d6 + 2}) slashing damage."
					]
				},
				{
					"name": "Blight (1/Day)",
					"entries": [
						"While wielding {@item Ruinblade|IMR}, Moghadam can cast the {@spell blight} spell ({@dc 15})."
					]
				},
				{
					"name": "Disintegrate (1/7 Days)",
					"entries": [
						"While wielding {@item Ruinblade|IMR}, Moghadam can cast the {@spell disintegrate} spell against any nonmagical object or creation of magical force."
					]
				},
				{
					"name": "Information Overload {@recharge 5}",
					"entries": [
						"Moghadam overloads the thoughts of one creature within 5 feet of either himself or his artificial mind. The target must succeed on a {@dc 16} Intelligence saving throw or take 22 ({@damage 4d8 + 4}) psychic damage, and the next attack roll made against the target before the end of Moghadam's next turn has advantage."
					]
				}
			],
			"attachedItems": [
				"ruinblade|imr"
			],
			"languageTags": [
				"AB",
				"C",
				"D",
				"I",
				"U"
			],
			"damageTags": [
				"S",
				"Y"
			],
			"damageTagsSpell": [
				"F",
				"L"
			],
			"spellcastingTags": [
				"CA"
			],
			"miscTags": [
				"MW"
			],
			"savingThrowForced": [
				"intelligence"
			],
			"savingThrowForcedSpell": [
				"constitution",
				"dexterity",
				"wisdom"
			],
			"hasToken": true,
			"hasFluffImages": true
		},
		{
			"name": "Neo-Otyugh",
			"source": "IMR",
			"page": 75,
			"size": [
				"H"
			],
			"type": "aberration",
			"alignment": [
				"N"
			],
			"ac": [
				{
					"ac": 16,
					"from": [
						"natural armor"
					]
				}
			],
			"hp": {
				"average": 150,
				"formula": "12d12 + 72"
			},
			"speed": {
				"walk": 30
			},
			"str": 20,
			"dex": 11,
			"con": 22,
			"int": 12,
			"wis": 13,
			"cha": 6,
			"save": {
				"con": "+9"
			},
			"senses": [
				"darkvision 120 ft."
			],
			"passive": 11,
			"conditionImmune": [
				"poisoned"
			],
			"languages": [
				"Otyugh"
			],
			"cr": "7",
			"spellcasting": [
				{
					"name": "Innate Spellcasting (Psionics)",
					"type": "spellcasting",
					"headerEntries": [
						"The neo-otyugh's innate spellcasting ability is Intelligence (spell save {@dc 12}). It can innately cast the following spells, requiring no components:"
					],
					"will": [
						"{@spell detect thoughts}"
					],
					"daily": {
						"1e": [
							"{@spell command}",
							"{@spell hold person}"
						]
					},
					"ability": "int"
				}
			],
			"trait": [
				{
					"name": "Limited Telepathy",
					"entries": [
						"The otyugh can magically transmit simple messages and images to any creature within 120 feet of it that can understand a language. This form of telepathy doesn't allow the receiving creature to telepathically respond."
					]
				}
			],
			"action": [
				{
					"name": "Multiattack",
					"entries": [
						"The neo-otyugh makes three attacks: one with its bite and two with its tentacles."
					]
				},
				{
					"name": "Bite",
					"entries": [
						"{@atk mw} {@hit 8} to hit, reach 10 ft., one target. {@h}16 ({@damage 2d10 + 5}) piercing damage. If the target is a creature, it must succeed on a {@dc 17} Constitution saving throw against disease or become {@condition poisoned} until the disease is cured. Every 24 hours that elapse, the target must repeat the saving throw, reducing its hit point maximum by 5 ({@dice 1d10}) on a failure. The disease is cured on a success. The target dies if the disease reduces its hit point maximum to 0. This reduction to the target's hit point maximum lasts until the disease is cured."
					]
				},
				{
					"name": "Tentacle",
					"entries": [
						"{@atk mw} {@hit 8} to hit, reach 15 ft., one target. {@h}10 ({@damage 1d10 + 5}) bludgeoning damage. If the target is Large or smaller, it is {@condition grappled} (escape {@dc 16}) and {@condition restrained} until the grapple ends. The neo-otyugh has two tentacles, each of which can grapple one target."
					]
				},
				{
					"name": "Tentacle Slam",
					"entries": [
						"The neo-otyugh slams creatures {@condition grappled} by it into each other or a solid surface. Each creature must succeed on a {@dc 16} Constitution saving throw or take 15 ({@damage 3d6 + 5}) bludgeoning damage and be {@condition stunned} until the end of the neo-otyugh's next turn. On a successful save, the target takes half the bludgeoning damage and isn't {@condition stunned}."
					]
				}
			],
			"senseTags": [
				"SD"
			],
			"actionTags": [
				"Multiattack",
				"Tentacles"
			],
			"languageTags": [
				"OTH"
			],
			"damageTags": [
				"B",
				"P"
			],
			"spellcastingTags": [
				"I",
				"P"
			],
			"miscTags": [
				"DIS",
				"MW",
				"RCH"
			],
			"conditionInflict": [
				"grappled",
				"poisoned",
				"restrained",
				"stunned"
			],
			"conditionInflictSpell": [
				"paralyzed",
				"prone"
			],
			"savingThrowForced": [
				"constitution"
			],
			"savingThrowForcedSpell": [
				"wisdom"
			],
			"hasToken": true,
			"hasFluff": true,
			"hasFluffImages": true
		},
		{
			"name": "Seodra",
			"isNpc": true,
			"isNamedCreature": true,
			"source": "IMR",
			"page": 41,
			"_copy": {
				"name": "Noble",
				"source": "MM",
				"_mod": {
					"*": {
						"mode": "replaceTxt",
						"replace": "the noble",
						"with": "Seodra",
						"flags": "i"
					},
					"trait": {
						"mode": "appendArr",
						"items": [
							{
								"name": "Earth Walk",
								"entries": [
									"Seodra can move across {@quickref difficult terrain||3} made of earth or stone without expending extra movement."
								]
							},
							{
								"name": "Treasure Sense",
								"entries": [
									"Seodra can pinpoint, by scent, the location of precious metals and stones, such as coins and gems, within 60 feet of her."
								]
							}
						]
					}
				}
			},
			"ac": [
				{
					"ac": 19,
					"from": [
						"natural armor"
					]
				}
			],
			"languages": [
				"Common",
				"Primordial"
			],
			"tokenCustom": true,
			"languageTags": [
				"C",
				"P"
			],
			"hasToken": true
		},
		{
			"name": "Sir Ursas",
			"isNpc": true,
			"isNamedCreature": true,
			"source": "IMR",
			"page": 56,
			"size": [
				"M"
			],
			"type": {
				"type": "humanoid",
				"tags": [
					"human"
				]
			},
			"alignment": [
				"L",
				"E"
			],
			"ac": [
				{
					"ac": 20,
					"from": [
						"{@item plate armor|phb}",
						"{@item shield|phb}"
					]
				}
			],
			"hp": {
				"average": 112,
				"formula": "15d8 + 45"
			},
			"speed": {
				"walk": 30
			},
			"str": 18,
			"dex": 15,
			"con": 16,
			"int": 10,
			"wis": 12,
			"cha": 15,
			"save": {
				"str": "+7",
				"dex": "+5",
				"con": "+6"
			},
			"skill": {
				"athletics": "+10",
				"intimidation": "+5"
			},
			"passive": 11,
			"resist": [
				"fire"
			],
			"languages": [
				"Common",
				"Infernal"
			],
			"cr": "5",
			"trait": [
				{
					"name": "Special Equipment",
					"entries": [
						"Sir Ursas wears a {@item ring of mind shielding} and {@item plate armor of fire resistance}."
					]
				},
				{
					"name": "Brave",
					"entries": [
						"Sir Ursas has advantage on saving throws against being {@condition frightened}."
					]
				},
				{
					"name": "Brute",
					"entries": [
						"A melee weapon deals one extra die of its damage when Sir Ursas hits with it (included in his attack)."
					]
				}
			],
			"action": [
				{
					"name": "Multiattack",
					"entries": [
						"Sir Ursas makes three melee attacks or two ranged attacks."
					]
				},
				{
					"name": "Claw",
					"entries": [
						"{@atk mw} {@hit 7} to hit, reach 5 ft., one target. {@h}11 ({@damage 2d6 + 4}) slashing damage."
					]
				},
				{
					"name": "Spear",
					"entries": [
						"{@atk mw,rw} {@hit 7} to hit, reach 5 ft. and range 20/60 ft., one target. {@h}11 ({@damage 2d6 + 4}) piercing damage, or 13 ({@damage 2d8 + 4}) piercing damage if used with two hands to make a melee attack."
					]
				},
				{
					"name": "Shield Bash",
					"entries": [
						"{@atk mw} {@hit 7} to hit, reach 5 ft., one target. {@h}9 ({@damage 2d4 + 4}) bludgeoning damage, and if the target is a Medium or smaller creature, it must succeed on a {@dc 15} Strength saving throw or be knocked {@condition prone}."
					]
				}
			],
			"reaction": [
				{
					"name": "Parry",
					"entries": [
						"Sir Ursas adds 3 to his AC against one melee attack that would hit him. To do so, he must see the attacker and be wielding a melee weapon."
					]
				}
			],
			"tokenCustom": true,
			"attachedItems": [
				"spear|phb"
			],
			"traitTags": [
				"Brute"
			],
			"actionTags": [
				"Multiattack",
				"Parry"
			],
			"languageTags": [
				"C",
				"I"
			],
			"damageTags": [
				"B",
				"P",
				"S"
			],
			"miscTags": [
				"MLW",
				"MW",
				"RW",
				"THW"
			],
			"conditionInflict": [
				"prone"
			],
			"savingThrowForced": [
				"strength"
			],
			"hasToken": true,
			"hasFluff": true
		},
		{
			"name": "Skeletal Giant Owl",
			"source": "IMR",
			"page": 33,
			"_copy": {
				"name": "Giant Owl",
				"source": "MM"
			},
			"type": "undead",
			"immune": [
				"poison"
			],
			"vulnerable": [
				"bludgeoning"
			],
			"conditionImmune": [
				"exhaustion",
				"poisoned"
			],
			"tokenCustom": true,
			"hasToken": true
		},
		{
			"name": "Skeletal Owlbear",
			"source": "IMR",
			"page": 36,
			"_copy": {
				"name": "Owlbear",
				"source": "MM"
			},
			"type": "undead",
			"immune": [
				"poison"
			],
			"vulnerable": [
				"bludgeoning"
			],
			"conditionImmune": [
				"exhaustion",
				"poisoned"
			],
			"tokenCustom": true,
			"hasToken": true
		},
		{
			"name": "Skeletal Polar Bear",
			"source": "IMR",
			"page": 34,
			"_copy": {
				"name": "Polar Bear",
				"source": "MM"
			},
			"type": "undead",
			"immune": [
				"poison"
			],
			"vulnerable": [
				"bludgeoning"
			],
			"conditionImmune": [
				"exhaustion",
				"poisoned"
			],
			"tokenCustom": true,
			"hasToken": true
		},
		{
			"name": "Skeletal Two-Headed Owlbear",
			"source": "IMR",
			"page": 36,
			"_copy": {
				"name": "Two-Headed Owlbear",
				"source": "IMR"
			},
			"type": "undead",
			"immune": [
				"poison"
			],
			"vulnerable": [
				"bludgeoning"
			],
			"conditionImmune": [
				"exhaustion",
				"poisoned"
			],
			"tokenCustom": true,
			"hasToken": true
		},
		{
			"name": "Stolos",
			"isNpc": true,
			"isNamedCreature": true,
			"source": "IMR",
			"page": 33,
			"_copy": {
				"name": "Warlock of the Great Old One",
				"source": "VGM",
				"_mod": {
					"*": {
						"mode": "replaceTxt",
						"replace": "the warlock",
						"with": "Stolos",
						"flags": "i"
					}
				}
			},
			"alignment": [
				"N",
				"E"
			],
			"speed": {
				"walk": 30,
				"fly": 30
			},
			"action": [
				{
					"name": "Talons",
					"entries": [
						"{@atk mw} {@hit 3} to hit, reach 5 ft., one target. {@h}8 ({@damage 2d6 + 1}) slashing damage."
					]
				}
			],
			"tokenCustom": true,
			"damageTags": [
				"S",
				"Y"
			],
			"miscTags": [
				"MW"
			],
			"hasToken": true
		},
		{
			"name": "Tarnhem",
			"isNpc": true,
			"isNamedCreature": true,
			"source": "IMR",
			"page": 19,
			"_copy": {
				"name": "Balor",
				"source": "MM",
				"_mod": {
					"*": {
						"mode": "replaceTxt",
						"replace": "the balor",
						"with": "Tarnhem",
						"flags": "i"
					},
					"action": {
						"mode": "prependArr",
						"items": {
							"name": "Fist of Retribution",
							"entries": [
								"{@atk mw} {@hit 14} to hit, reach 10 ft., one target. {@h}13 ({@damage 2d4 + 8}) bludgeoning damage plus 7 ({@damage 2d6}) fire damage."
							]
						}
					}
				}
			},
			"tokenCustom": true,
			"damageTags": [
				"B",
				"F",
				"L",
				"S"
			],
			"hasToken": true
		},
		{
			"name": "Thessalar",
			"isNpc": true,
			"isNamedCreature": true,
			"source": "IMR",
			"page": 57,
			"size": [
				"M"
			],
			"type": {
				"type": "humanoid",
				"tags": [
					"human"
				]
			},
			"alignment": [
				"N",
				"E"
			],
			"ac": [
				{
					"ac": 14,
					"from": [
						"{@item breastplate|phb}"
					]
				}
			],
			"hp": {
				"average": 104,
				"formula": "19d8 + 19"
			},
			"speed": {
				"walk": 30
			},
			"str": 10,
			"dex": 12,
			"con": 13,
			"int": 19,
			"wis": 16,
			"cha": 16,
			"save": {
				"con": "+5",
				"int": "+8",
				"wis": "+7"
			},
			"skill": {
				"animal handling": "+7",
				"arcana": "+8",
				"insight": "+7",
				"medicine": "+7"
			},
			"passive": 13,
			"immune": [
				"acid",
				"poison"
			],
			"conditionImmune": [
				"poisoned"
			],
			"languages": [
				"Common",
				"Draconic",
				"Elvish",
				"Primordial"
			],
			"cr": "12",
			"spellcasting": [
				{
					"name": "Spellcasting",
					"type": "spellcasting",
					"headerEntries": [
						"Thessalar is an 18th-level spellcaster. His spellcasting ability is Intelligence (spell save {@dc 16}, {@hit 8} to hit with spell attacks). He has the following artificer spells prepared:"
					],
					"spells": {
						"0": {
							"spells": [
								"{@spell light}",
								"{@spell mending}",
								"{@spell message}",
								"{@spell shocking grasp}"
							]
						},
						"1": {
							"slots": 4,
							"spells": [
								"{@spell alarm}",
								"{@spell cure wounds}",
								"{@spell identify}",
								"{@spell ray of sickness}"
							]
						},
						"2": {
							"slots": 3,
							"spells": [
								"{@spell invisibility}",
								"{@spell Melf's acid arrow}",
								"{@spell web}"
							]
						},
						"3": {
							"slots": 3,
							"spells": [
								"{@spell dispel magic}",
								"{@spell haste}",
								"{@spell stinking cloud}"
							]
						},
						"4": {
							"slots": 3,
							"spells": [
								"{@spell blight}",
								"{@spell Mordenkainen's faithful hound}",
								"{@spell Otiluke's resilient sphere}"
							]
						},
						"5": {
							"slots": 1,
							"spells": [
								"{@spell cloudkill}"
							]
						}
					},
					"ability": "int"
				}
			],
			"trait": [
				{
					"name": "Special Equipment",
					"entries": [
						"Thessalar wields a {@item +1 dagger} coated with {@item Thessaltoxin|IMR|thessaltoxin poison} (see appendix C)."
					]
				},
				{
					"name": "Alchemical Homunculus",
					"entries": [
						"Thessalar is accompanied by his {@creature Thessalar's homunculus|IMR}. If the {@spell mending} spell is cast on it, the homunculus regains {@dice 2d6} hit points."
					]
				},
				{
					"name": "Healing Toxicity",
					"entries": [
						"Any magic item that restores hit points and can be applied to a piercing or slashing weapon (a potion, an ointment, and so forth) causes a hit with that weapon to deal extra damage to Thessalar equal to the amount the item would normally heal."
					]
				},
				{
					"name": "Greater Restoration (1/Day)",
					"entries": [
						"Thessalar can cast {@spell greater restoration} if he has access to {@item Alchemist's Supplies|phb|alchemical supplies}."
					]
				}
			],
			"action": [
				{
					"name": "Dagger",
					"entries": [
						"{@atk mw,rw} {@hit 5} to hit, reach 5 ft. or range 20/60 ft., one target. {@h}3 ({@damage 1d4 + 1}) piercing damage, and the target must succeed on a {@dc 15} Constitution saving throw. On a failed save, the target is affected as if by the {@spell polymorph} spell, transforming into a random {@filter beast|bestiary|type=beast|miscellaneous=!swarm} or a creature it has seen within the last 24 hours (as chosen by the DM). This effect lasts until the target finishes a long rest."
					]
				}
			],
			"attachedItems": [
				"dagger|phb"
			],
			"languageTags": [
				"C",
				"DR",
				"E",
				"P"
			],
			"damageTags": [
				"P"
			],
			"damageTagsSpell": [
				"A",
				"F",
				"I",
				"L",
				"N",
				"P"
			],
			"spellcastingTags": [
				"CA"
			],
			"miscTags": [
				"MLW",
				"MW",
				"RW",
				"THW"
			],
			"savingThrowForced": [
				"constitution"
			],
			"savingThrowForcedSpell": [
				"constitution",
				"dexterity"
			],
			"hasToken": true,
			"hasFluff": true,
			"hasFluffImages": true
		},
		{
			"name": "Thessalar's Homunculus",
			"isNpc": true,
			"isNamedCreature": true,
			"source": "IMR",
			"page": 35,
			"_copy": {
				"name": "Homunculus",
				"source": "MM",
				"_mod": {
					"action": {
						"mode": "appendArr",
						"items": {
							"name": "Acidic Spittle",
							"entries": [
								"{@atk rw} {@hit 4} to hit, range 30 ft., one target. {@h}5 ({@damage 1d6 + 2}) acid damage."
							]
						}
					}
				}
			},
			"damageTags": [
				"A",
				"P"
			],
			"miscTags": [
				"MW",
				"RW"
			],
			"hasToken": true,
			"hasFluffImages": true
		},
		{
			"name": "Thessalheart Construct",
			"source": "IMR",
			"page": 86,
			"size": [
				"T"
			],
			"type": "construct",
			"alignment": [
				"N"
			],
			"ac": [
				{
					"ac": 15,
					"from": [
						"natural armor"
					]
				}
			],
			"hp": {
				"average": 7,
				"formula": "2d4 + 2"
			},
			"speed": {
				"walk": 40,
				"climb": 40
			},
			"str": 4,
			"dex": 15,
			"con": 12,
			"int": 10,
			"wis": 10,
			"cha": 7,
			"senses": [
				"darkvision 60"
			],
			"passive": 10,
			"immune": [
				"poison"
			],
			"conditionImmune": [
				"charmed",
				"poisoned"
			],
			"languages": [
				"understands the languages of its creator but can't speak"
			],
			"cr": "0",
			"trait": [
				{
					"name": "Telepathic Bond",
					"entries": [
						"While the construct is on the same plane of existence as its master, it can magically convey what it senses to its master, and the two can communicate telepathically."
					]
				}
			],
			"action": [
				{
					"name": "Claws",
					"entries": [
						"{@atk mw} {@hit 4} to hit, reach 5 ft., one target. {@h}1 slashing damage, and the target must succeed on a {@dc 10} Constitution saving throw or be {@condition poisoned} for 1 minute. If the saving throw fails by 5 or more, the target is instead {@condition poisoned} for 5 ({@dice 1d10}) minutes and {@condition unconscious} while {@condition poisoned} in this way."
					]
				}
			],
			"senseTags": [
				"D"
			],
			"languageTags": [
				"CS"
			],
			"damageTags": [
				"S"
			],
			"miscTags": [
				"MW"
			],
			"conditionInflict": [
				"poisoned",
				"unconscious"
			],
			"savingThrowForced": [
				"constitution"
			],
			"hasToken": true,
			"hasFluff": true,
			"hasFluffImages": true
		},
		{
			"name": "Thessalkraken",
			"source": "IMR",
			"page": 87,
			"size": [
				"G"
			],
			"type": {
				"type": "monstrosity",
				"tags": [
					"titan"
				]
			},
			"alignment": [
				"C",
				"E"
			],
			"ac": [
				{
					"ac": 16,
					"from": [
						"natural armor"
					]
				}
			],
			"hp": {
				"average": 207,
				"formula": "18d12 + 90"
			},
			"speed": {
				"walk": 20,
				"swim": 60
			},
			"str": 24,
			"dex": 11,
			"con": 20,
			"int": 19,
			"wis": 15,
			"cha": 17,
			"save": {
				"str": "+12",
				"dex": "+5",
				"con": "+10",
				"int": "+9",
				"wis": "+7"
			},
			"senses": [
				"truesight 120 ft."
			],
			"passive": 12,
			"immune": [
				"acid",
				{
					"immune": [
						"bludgeoning",
						"piercing",
						"slashing"
					],
					"note": "from nonmagical attacks",
					"cond": true
				}
			],
			"conditionImmune": [
				"charmed",
				"frightened",
				"paralyzed"
			],
			"languages": [
				"understands Abyssal",
				"Celestial",
				"Infernal",
				"and Primordial but can't speak",
				"telepathy 120 ft."
			],
			"cr": "14",
			"trait": [
				{
					"name": "Amphibious",
					"entries": [
						"The thessalkraken can breathe air and water."
					]
				},
				{
					"name": "Freedom of Movement",
					"entries": [
						"The thessalkraken ignores {@quickref difficult terrain||3}, and magical effects can't reduce its speed or cause it to be {@condition restrained}. It can spend 5 feet of movement to escape from nonmagical restraints or being {@condition grappled}."
					]
				}
			],
			"action": [
				{
					"name": "Multiattack",
					"entries": [
						"The thessalkraken makes one bite attack and two tentacle attacks. It can replace each tentacle attack with one use of Fling."
					]
				},
				{
					"name": "Bite",
					"entries": [
						"{@atk mw} {@hit 12} to hit, reach 5 ft., one target. {@h}20 ({@damage 3d8 + 7}) piercing damage plus 5 ({@damage 1d10}) acid damage. If the target is a Medium or smaller creature {@condition grappled} by the thessalkraken, that creature is swallowed, and the grapple ends. While swallowed, the creature is {@condition blinded} and {@condition restrained}, it has {@quickref Cover||3||total cover} against attacks and other effects outside the thessalkraken, and it takes 21 ({@damage 6d6}) acid damage at the start of each of the thessalkraken's turns.",
						"If the thessalkraken takes 35 damage or more on a single turn from a creature inside it, it must succeed on a {@dc 23} Constitution saving throw at the end of that turn or regurgitate all swallowed creatures, which fall {@condition prone} in a space within 10 feet of the thessalkraken. If the thessalkraken dies, a swallowed creature is no longer {@condition restrained} by it and can escape from the corpse using 10 feet of movement, exiting {@condition prone}."
					]
				},
				{
					"name": "Tentacle",
					"entries": [
						"{@atk mw} {@hit 12} to hit, reach 20 ft., one target. {@h}17 ({@damage 3d6 + 7}) slashing damage, and the target is {@condition grappled} (escape {@dc 16}). Until this grapple ends, the target is {@condition restrained}. The thessalkraken has ten tentacles, each of which can grapple one target."
					]
				},
				{
					"name": "Fling",
					"entries": [
						"One Medium or smaller object held or creature {@condition grappled} by the thessalkraken is thrown up to 40 feet in a random direction and knocked {@condition prone}. If a thrown target strikes a solid surface, the target takes 3 ({@damage 1d6}) bludgeoning damage for every 10 feet it was thrown. If the target is thrown at another creature, that creature must succeed on a {@dc 16} Dexterity saving throw or take the same damage and be knocked {@condition prone}."
					]
				},
				{
					"name": "Acid Saliva {@recharge 5}",
					"entries": [
						"The thessalkraken spits a glob of acid at a point it can see within 60 feet of it. Each creature within 10 feet of that point must make a {@dc 18} Dexterity saving throw, taking 22 ({@damage 4d10}) acid damage on a failed save, or half as much damage on a successful one."
					]
				}
			],
			"legendary": [
				{
					"name": "Tentacle Attack",
					"entries": [
						"The thessalkraken makes one tentacle attack."
					]
				},
				{
					"name": "Fling",
					"entries": [
						"The thessalkraken uses Fling."
					]
				},
				{
					"name": "Ink Cloud (Costs 3 Actions)",
					"entries": [
						"While underwater, the thessalkraken expels an ink cloud in a 60-foot radius. The cloud spreads around corners, and that area is heavily obscured to creatures other than the thessalkraken. Each creature other than the thessalkraken that ends its turn there must succeed on a {@dc 18} Constitution saving throw, taking 16 ({@damage 3d10}) poison damage on a failed save, or half as much damage on a successful one. A strong current disperses the cloud, which otherwise disappears at the end of the thessalkraken's next turn."
					]
				}
			],
			"legendaryGroup": {
				"name": "Thessalkraken",
				"source": "IMR"
			},
			"tokenCustom": true,
			"traitTags": [
				"Amphibious"
			],
			"senseTags": [
				"U"
			],
			"actionTags": [
				"Multiattack",
				"Swallow",
				"Tentacles"
			],
			"languageTags": [
				"AB",
				"CE",
				"CS",
				"I",
				"P",
				"TP"
			],
			"damageTags": [
				"A",
				"B",
				"I",
				"P",
				"S"
			],
			"miscTags": [
				"AOE",
				"MW",
				"RCH"
			],
			"conditionInflict": [
				"blinded",
				"grappled",
				"prone",
				"restrained"
			],
			"savingThrowForced": [
				"constitution",
				"dexterity"
			],
			"savingThrowForcedLegendary": [
				"strength",
				"wisdom"
			],
			"hasToken": true,
			"hasFluff": true
		},
		{
			"name": "Tiefling Muralist",
			"source": "IMR",
			"page": 17,
			"_copy": {
				"name": "Cultist",
				"source": "MM",
				"_templates": [
					{
						"name": "Tiefling",
						"source": "PHB"
					}
				],
				"_mod": {
					"*": {
						"mode": "replaceTxt",
						"replace": "cultist",
						"with": "muralist"
					}
				}
			},
			"tokenCustom": true,
			"languageTags": [
				"C",
				"I",
				"X"
			],
			"damageTagsSpell": [
				"F"
			],
			"spellcastingTags": [
				"I"
			],
			"hasToken": true
		},
		{
			"name": "Two-Headed Crocodile",
			"source": "IMR",
			"page": 89,
			"size": [
				"L"
			],
			"type": "beast",
			"alignment": [
				"U"
			],
			"ac": [
				{
					"ac": 12,
					"from": [
						"natural armor"
					]
				}
			],
			"hp": {
				"average": 19,
				"formula": "3d10 + 3"
			},
			"speed": {
				"walk": 20,
				"swim": 30
			},
			"str": 15,
			"dex": 10,
			"con": 13,
			"int": 2,
			"wis": 10,
			"cha": 5,
			"skill": {
				"perception": "+2",
				"stealth": "+2"
			},
			"passive": 12,
			"cr": "1",
			"trait": [
				{
					"name": "Hold Breath",
					"entries": [
						"The two-headed crocodile can hold its breath for 15 minutes."
					]
				},
				{
					"name": "Two Heads",
					"entries": [
						"The two-headed crocodile has advantage on Wisdom ({@skill Perception}) checks and on saving throws against being {@condition blinded}, {@condition charmed}, {@condition deafened}, {@condition frightened}, {@condition stunned}, and knocked {@condition unconscious}."
					]
				},
				{
					"name": "Wakeful",
					"entries": [
						"When one of the crocodile's heads is asleep, its other head is awake."
					]
				}
			],
			"action": [
				{
					"name": "Multiattack",
					"entries": [
						"The two-headed crocodile makes two attacks with its bite."
					]
				},
				{
					"name": "Bite",
					"entries": [
						"{@atk mw} {@hit 4} to hit, reach 5 ft., one target. {@h}7 ({@damage 1d10 + 2}) piercing damage, and the target is {@condition grappled} (escape {@dc 12}). Until this grapple ends, the target is {@condition restrained}, and that head of the crocodile can't bite another target."
					]
				}
			],
			"tokenCustom": true,
			"traitTags": [
				"Hold Breath"
			],
			"actionTags": [
				"Multiattack"
			],
			"damageTags": [
				"P"
			],
			"miscTags": [
				"MW"
			],
			"conditionInflict": [
				"grappled",
				"restrained"
			],
			"hasToken": true
		},
		{
			"name": "Two-Headed Owlbear",
			"source": "IMR",
			"page": 90,
			"size": [
				"L"
			],
			"type": "monstrosity",
			"alignment": [
				"U"
			],
			"ac": [
				{
					"ac": 13,
					"from": [
						"natural armor"
					]
				}
			],
			"hp": {
				"average": 59,
				"formula": "7d10 + 21"
			},
			"speed": {
				"walk": 40
			},
			"str": 20,
			"dex": 12,
			"con": 17,
			"int": 3,
			"wis": 12,
			"cha": 7,
			"skill": {
				"perception": "+3"
			},
			"senses": [
				"darkvision 60"
			],
			"passive": 13,
			"cr": "3",
			"trait": [
				{
					"name": "Two Heads",
					"entries": [
						"The two-headed owlbear has advantage on Wisdom ({@skill Perception}) checks and on saving throws against being {@condition blinded}, {@condition charmed}, {@condition deafened}, {@condition frightened}, {@condition stunned}, and knocked {@condition unconscious}."
					]
				},
				{
					"name": "Wakeful",
					"entries": [
						"When one of the owlbear's heads is asleep, its other head is awake."
					]
				}
			],
			"action": [
				{
					"name": "Multiattack",
					"entries": [
						"The two-headed owlbear makes three attacks: two with its beaks and one with its claws."
					]
				},
				{
					"name": "Beak",
					"entries": [
						"{@atk mw} {@hit 7} to hit, reach 5 ft., one target. {@h}10 ({@damage 1d10 + 5}) piercing damage."
					]
				},
				{
					"name": "Claws",
					"entries": [
						"{@atk mw} {@hit 7} to hit, reach 5 ft., one target. {@h}14 ({@damage 2d8 + 5}) slashing damage."
					]
				}
			],
			"senseTags": [
				"D"
			],
			"actionTags": [
				"Multiattack"
			],
			"damageTags": [
				"P",
				"S"
			],
			"miscTags": [
				"MW"
			],
			"hasToken": true,
			"hasFluffImages": true
		}
	]
}
